{"is_source_file": true, "format": "bash", "description": "This is a shell script for restoring various types of databases from backup files. It detects the backup type based on existing files and the runtime environment, then executes the appropriate restore commands for SQLite, PostgreSQL, MySQL, or MongoDB.", "external_files": ["database_backup.db", "database_backup.sql", "database_backup.archive"], "external_methods": ["cp", "ls", "sudo -u postgres pg_isready", "psql", "mysqladmin", "mysql", "mongosh", "mongorestore"], "published": [], "classes": [], "methods": [], "calls": ["cp", "ls", "sudo -u postgres pg_isready", "psql", "mysqladmin", "mysql", "mongosh", "mongorestore", "echo", "exit"], "search-terms": ["restore_db.sh", "database restore script", "SQLite restore", "PostgreSQL restore", "MySQL restore", "MongoDB restore", "backup detection", "database_backup.sql", "database_backup.db", "database_backup.archive"], "state": 2, "file_id": 2, "knowledge_revision": 12, "git_revision": "359e508991ad82568bb8e618810154623df8706e", "hash": "d42c3e6cbc3bbd627e3c08afcf4183ec", "format-version": 4, "code-base-name": "database", "filename": "database/restore_db.sh", "revision_history": [{"12": "359e508991ad82568bb8e618810154623df8706e"}]}