{"is_source_file": true, "format": "bash", "description": "A shell script for detecting and backing up different types of databases (SQLite, PostgreSQL, MySQL, MongoDB). It performs checks to identify the running database and creates backups accordingly.", "external_files": ["/usr/lib/postgresql/", "/var/run/mysqld/mysqld.sock"], "external_methods": ["ls /usr/lib/postgresql/", "sudo -u postgres pg_isready", "mysqladmin ping", "mysql", "mysqldump", "mongosh", "mongodump"], "published": [], "classes": [], "methods": [], "calls": ["ls", "echo", "cp", "sudo -u postgres pg_isready", "pg_dump", "mysqladmin ping", "mysql", "mysqldump", "mongosh", "mongodump"], "search-terms": ["backup_db.sh", "database backup script", "SQLite backup", "PostgreSQL backup", "MySQL backup", "MongoDB backup", "database detection", "database types", "database credentials"], "state": 2, "file_id": 3, "knowledge_revision": 14, "git_revision": "359e508991ad82568bb8e618810154623df8706e", "hash": "d7da372b768c895a33088027314656c3", "format-version": 4, "code-base-name": "database", "filename": "database/backup_db.sh", "revision_history": [{"14": "359e508991ad82568bb8e618810154623df8706e"}]}