{"is_source_file": true, "format": "Python", "description": "This file implements an interactive command-line SQLite database shell, allowing users to execute SQL commands and view database schema information interactively.", "external_files": ["sqlite3"], "external_methods": ["sqlite3.connect", "sqlite3.Error"], "published": [], "classes": [], "methods": [{"name": "print_help()", "description": "Prints help information about available commands in the interactive shell.", "scope": "", "scopeKind": ""}, {"name": "list_tables(cursor)", "description": "Lists all user-defined tables in the database.", "scope": "", "scopeKind": ""}, {"name": "show_schema(cursor, table_name=None)", "description": "Shows the CREATE statement(s) for tables, or all tables if no specific table is provided.", "scope": "", "scopeKind": ""}, {"name": "describe_table(cursor, table_name)", "description": "Displays the schema of a specific table, including columns and data types.", "scope": "", "scopeKind": ""}, {"name": "execute_query(cursor, query)", "description": "Executes a SQL query and displays the results.", "scope": "", "scopeKind": ""}, {"name": "main()", "description": "Main function that runs the interactive shell loop, handling user input and executing commands.", "scope": "", "scopeKind": ""}], "calls": ["sqlite3.connect", "cursor.execute", "cursor.fetchall", "cursor.description", "conn.commit"], "search-terms": [".help", ".tables", ".schema", ".describe", "sqlite3", "interactive shell", "database", "db_shell"], "state": 2, "file_id": 4, "knowledge_revision": 18, "git_revision": "359e508991ad82568bb8e618810154623df8706e", "ctags": [{"_type": "tag", "name": "DB_NAME", "path": "/home/kavia/workspace/code-generation/simple-notes-app-319939-319950/database/db_shell.py", "pattern": "/^DB_NAME = \"myapp.db\"$/", "language": "Python", "kind": "variable"}, {"_type": "tag", "name": "describe_table", "path": "/home/kavia/workspace/code-generation/simple-notes-app-319939-319950/database/db_shell.py", "pattern": "/^def describe_table(cursor, table_name):$/", "language": "Python", "kind": "function", "signature": "(cursor, table_name)"}, {"_type": "tag", "name": "execute_query", "path": "/home/kavia/workspace/code-generation/simple-notes-app-319939-319950/database/db_shell.py", "pattern": "/^def execute_query(cursor, query):$/", "language": "Python", "kind": "function", "signature": "(cursor, query)"}, {"_type": "tag", "name": "list_tables", "path": "/home/kavia/workspace/code-generation/simple-notes-app-319939-319950/database/db_shell.py", "pattern": "/^def list_tables(cursor):$/", "language": "Python", "kind": "function", "signature": "(cursor)"}, {"_type": "tag", "name": "main", "path": "/home/kavia/workspace/code-generation/simple-notes-app-319939-319950/database/db_shell.py", "pattern": "/^def main():$/", "language": "Python", "kind": "function", "signature": "()"}, {"_type": "tag", "name": "print_help", "path": "/home/kavia/workspace/code-generation/simple-notes-app-319939-319950/database/db_shell.py", "pattern": "/^def print_help():$/", "language": "Python", "kind": "function", "signature": "()"}, {"_type": "tag", "name": "show_schema", "path": "/home/kavia/workspace/code-generation/simple-notes-app-319939-319950/database/db_shell.py", "pattern": "/^def show_schema(cursor, table_name=None):$/", "language": "Python", "kind": "function", "signature": "(cursor, table_name=None)"}], "hash": "7a5a132ab2db661e22c5eb4827332833", "format-version": 4, "code-base-name": "database", "filename": "database/db_shell.py", "fields": [{"name": "DB_NAME = \"myapp.db\"", "scope": "", "scopeKind": "", "description": "unavailable"}], "revision_history": [{"18": "359e508991ad82568bb8e618810154623df8706e"}]}