{"is_source_file": true, "format": "HTML", "description": "This is an HTML file that implements the user interface for a database visualizer, including a sidebar listing databases, tables, and a main content area for data display and interaction. It contains embedded CSS for styling and JavaScript for dynamic data fetching and UI updates.", "external_files": ["/api/databases", "/api/{db}/tables", "/api/{db}/tables/{tableName}/data"], "external_methods": ["fetch"], "published": [], "classes": [], "methods": [{"name": "loadDatabases", "description": "Fetches the list of databases from the API and populates the sidebar."}, {"name": "refreshDatabases", "description": "Refreshes the list of databases, resetting current selections and updating UI."}, {"name": "toggleDatabase", "description": "Expands or collapses the table list for a specific database."}, {"name": "loadTables", "description": "Fetches and displays tables within a selected database."}, {"name": "loadTableData", "description": "Loads and renders the data for a selected table."}, {"name": "renderTable", "description": "Generates HTML to display table data with wider content handling."}, {"name": "renderCell", "description": "Creates table cell HTML, handling objects, long strings, and null values."}, {"name": "expandCell", "description": "Expands or collapses cell content to show full data."}], "calls": ["fetch", "loadDatabases", "loadTables", "loadTableData", "renderTable", "renderCell", "expandCell"], "search-terms": ["HTML database viewer", "embedded CSS", "JavaScript dynamic fetching", "pagination", "expandable table cells"], "state": 2, "file_id": 7, "knowledge_revision": 15, "git_revision": "359e508991ad82568bb8e618810154623df8706e", "hash": "ee63333a4841bf025439c755a74c9881", "format-version": 4, "code-base-name": "database", "filename": "database/db_visualizer/public/index.html", "revision_history": [{"15": "359e508991ad82568bb8e618810154623df8706e"}]}